"List of inlinks to the site 6sicuro.it"			
"TITLE"	"URL"	"SIZE"	"FORMAT"
"SPAZIO ANIME &amp; MANGA - Animazione..."	"http://www.manga-japan.it/"	208700	"text/html"
"Broker di assicurazione leader nella..."	"http://www.assiteca.it/"	27601	"text/html"
"B&amp;B, Agriturismi, Hotel, Case..."	"http://www.daiweb.it/"	67662	"text/html"
"Blog Finanza"	"http://www.blogfinanza.com/"	70401	"text/html"
"Automobili, tante news sul mondo dei..."	"http://www.automobili10.it/"	59299	"text/html"
"Assicurazioni, mutui, prestiti"	"http://assicurazionimutuiprestiti.blogspot.com/"	80709	"text/html"
"Easy Lifestyle: il portale dell'easy..."	"http://www.easylifestyle.it/"	49492	"text/html"
"il blog di canarinomannaro"	"http://www.canarinomannaro.com/"	113070	"text/html"
"calzature uomo donna bambino a prezzo..."	"http://www.fermanoproduce.com/"	78099	"text/html"
"Vidiemme Consulting"	"http://www.vidiemme.it/"	42545	"text/html"
"La mia Nuova Clio"	"http://www.lamianuovaclio.it/"	70716	"text/html"
"Campionato di calcio di Serie A..."	"http://www.sportmondo.it/"	50524	"text/html"
"Idee sparse e ben confuse — in fin dei..."	"http://www.sparseideas.com/"	69500	"text/html"
"Dritta.com, il portale interattivo, il..."	"http://www.dritta.com/"	52023	"text/html"
"Cauzioni e Fideiussioni - Cauzione net"	"http://www.cauzione.net/"	23447	"text/html"
"SicurMOTO.it - Sicurezza Stradale per..."	"http://www.sicurmoto.it/"	94480	"text/html"
"Preventivo RCA OnLine - Auto e Moto"	"http://www.preventivorca.it/"	7623	"text/html"
"Ultimissime Auto | Tutte le novità sul..."	"http://www.ultimissimeauto.com/"	88075	"text/html"
"Auto Store Center - Auto online,..."	"http://www.autostorecenter.com/"	39313	"text/html"
"Navigatori Auto | Navigatori Gps |..."	"http://www.clicknavigatori.net/"	25267	"text/html"
"siti introvabili - utili - strani -..."	"http://www.fermanoproduce.com/utilita.htm"	116903	"text/html"
"Come Risparmiare sulla Rc Auto..."	"http://www.spiritum.it/?p=1064"	169455	"text/html"
"Mutui casa: la situazione in Italia"	"http://assicurazionimutuiprestiti.blogspot.com/2010/10/mutui-casa-la-situazione-in-italia.html"	79972	"text/html"
"Fideiussioni Assicurative"	"http://www.lafideiussioneassicurativa.com/"	27672	"text/html"
"Biblioteca Civica di Cologno Monzese..."	"http://www.biblioteca.colognomonzese.mi.it/index2.php?consez=risorse"	76615	"text/html"
"Finanziamenti per le attività di..."	"http://assicurazionimutuiprestiti.blogspot.com/2010/11/finanziamenti-per-le-attivita-di.html"	79641	"text/html"
"Mutui - Abi: sospensione per 24.000..."	"http://assicurazionimutuiprestiti.blogspot.com/2010/08/mutui-abi-sospensione-per-24000.html"	80241	"text/html"
"Prestiti: ad agosto 2010 domanda stabile"	"http://assicurazionimutuiprestiti.blogspot.com/2010/10/prestiti-ad-agosto-2010-domanda-stabile.html"	80003	"text/html"
"Finanziamenti per imprenditori immigrati"	"http://assicurazionimutuiprestiti.blogspot.com/2010/10/finanziamenti-per-imprenditori.html"	79839	"text/html"
"Carte di credito e carte di debito:..."	"http://assicurazionimutuiprestiti.blogspot.com/2010/09/carte-di-credito-e-carte-di-debito.html"	81817	"text/html"
"Broker di assicurazione leader nella..."	"http://www.assirein.com/"	25897	"text/html"
"Broker di assicurazione leader nella..."	"http://www.assitecapiacenza.it/"	25949	"text/html"
"MagillaNet - La Guida Facile al Web"	"http://magillanet.altervista.org/"	78549	"text/html"
"I mercati, le direttive comunitarie, le..."	"http://www.info-finanza.net/"	42296	"text/html"
"difetti genetici"	"http://www.sparseideas.com/?p=8152"	54465	"text/html"
"sarò io"	"http://www.sparseideas.com/?p=7993"	48943	"text/html"
"Prestito d'onore: di cosa si tratta?"	"http://assicurazionimutuiprestiti.blogspot.com/2010/10/prestito-donore-di-cosa-si-trattta.html"	79740	"text/html"
"6sicuro.it ( www 6sicuro it ) -..."	"http://www.whoisbucket.com/view/6sicuro.it"	13856	"text/html"
"Assicurazioni On Line Auto e Moto..."	"http://www.sync2it.com/details/141819162018191a/"	13641	"text/html"
"il blog di canarinomannaro: Microsoft..."	"http://www.canarinomannaro.com/2010/12/microsoft-security-essential-20.html"	81945	"text/html"
"IL PORTALE DEI MILITARI-informazione e..."	"http://digilander.libero.it/trettix"	40205	"text/html"
"Mutui 100%: una scelta giovane"	"http://assicurazionimutuiprestiti.blogspot.com/2010/08/mutui-100-una-scelta-giovane.html"	80036	"text/html"
"Prestito BancoPosta di Poste Italiane"	"http://assicurazionimutuiprestiti.blogspot.com/2010/09/prestiti-delle-poste-italiane.html"	80008	"text/html"
"Unipol Assicurazioni - Polizza..."	"http://assicurazionimutuiprestiti.blogspot.com/2010/07/unipol-assicurazioni-sicurezza.html"	81414	"text/html"
"Banche e prestiti non finalizzati"	"http://assicurazionimutuiprestiti.blogspot.com/2010/09/banche-e-prestiti-non-finalizzati.html"	80354	"text/html"
"Mutui bancari per l'acquisto della..."	"http://assicurazionimutuiprestiti.blogspot.com/2010/09/mutui-bancari-per-lacquisto-della-prima.html"	80937	"text/html"
"Fiducia ai mutui online"	"http://assicurazionimutuiprestiti.blogspot.com/2010/07/fiducia-ai-mutui-online.html"	79883	"text/html"
"Prestiti agevolati per privati ed..."	"http://assicurazionimutuiprestiti.blogspot.com/2010/09/prestiti-agevolati-per-privati-ed.html"	81109	"text/html"
"Credito alle famiglie italiane: cala il..."	"http://assicurazionimutuiprestiti.blogspot.com/2010/12/credito-alle-famiglie-italiane-cala-il.html"	81766	"text/html"
"MauoNkids.it"	"http://blog.mauonkids.it/"	330384	"text/html"
"Accurimbono's Blog | il mio ripostiglio..."	"http://accurimbono.wordpress.com/"	103745	"text/html"
"Mazda BT-50 | Ultimissime Auto"	"http://www.ultimissimeauto.com/mazda-bt-50/"	79831	"text/html"
"Mutui: confrontali online"	"http://assicurazionimutuiprestiti.blogspot.com/2010/08/mutui-confrontali-online.html"	79780	"text/html"
"Prestiti: attenzione al microcredito"	"http://assicurazionimutuiprestiti.blogspot.com/2010/12/prestiti-attenzione-al-microcredito.html"	80263	"text/html"
"Broker di assicurazione leader nella..."	"http://www.assitecabsa.it/"	27512	"text/html"
"Broker di assicurazione leader nella..."	"http://www.assitecafortune.it/"	26025	"text/html"
"6sicuro previdenza - Metodo Assiteca"	"http://www.6sicuroprevidenza.it/"	5079	"text/html"
"Moto"	"http://www.moto10.it/"	58377	"text/html"
"Stretto CyberWeb"	"http://www.stretto.com/"	87122	"text/html"
"IL PORTALE DEI MILITARI-informazione e..."	"http://www.militari.zzn.com/"	40205	"text/html"
"Sito in preparazione - Site is under..."	"http://www.badiglione.com/"	11195	"text/html"
"Audi Quattro | Ultimissime Auto"	"http://www.ultimissimeauto.com/audi-quattro/"	91720	"text/html"
"La Red Bull favorirà Webber ? |..."	"http://www.ultimissimeauto.com/la-red-bull-favorira-webber/"	77507	"text/html"
"Berlusconi : Marchionne ha detto la..."	"http://www.ultimissimeauto.com/berlusconi-marchionne-ha-detto-la-verita/"	74897	"text/html"
"Mercedes Classe M Grand Edition 2011 |..."	"http://www.ultimissimeauto.com/mercedes-classe-m-grand-edition-2011/"	89377	"text/html"
"La Gp2 diventerà una Formula 1 Junior |..."	"http://www.ultimissimeauto.com/la-gp2-diventera-una-formula-1-junior/"	75429	"text/html"
"Bernie Ecclestone 80 anni Buon..."	"http://www.ultimissimeauto.com/bernie-ecclestone-80-anni-buon-compleanno/"	74713	"text/html"
"Fiat 500 e la resistenza dei..."	"http://www.ultimissimeauto.com/fiat-500-e-la-resistenza-dei-concessionari-chrysler/"	76309	"text/html"
"Gp Brasile Red Bull veloci nelle prove..."	"http://www.ultimissimeauto.com/gp-brasile-red-bull-veloci-nelle-prove-libere/"	78457	"text/html"
"Toyota fornirà i motori alla Lotus..."	"http://www.ultimissimeauto.com/toyota-fornira-i-motori-alla-lotus-formula-1/"	73385	"text/html"
"Formula 1 Corea libere bene Alonso..."	"http://www.ultimissimeauto.com/formula-1-corea-libere-bene-alonso-webber-e-hamilton/"	76063	"text/html"
"Bmw via al bicilindrico per la Mini e..."	"http://www.ultimissimeauto.com/bmw-via-al-bicilindrico-per-la-mini-e-la-megacity/"	72859	"text/html"
"Sindacati Usa pochi 15 dollari ora da..."	"http://www.ultimissimeauto.com/sindacati-usa-pochi-15-dollari-ora-da-gm-e-chrysler-ma-accettiamo/"	73526	"text/html"
"Volvo richiamo per le vetture col..."	"http://www.ultimissimeauto.com/volvo-richiamo-per-le-vetture-col-navigatore-garmin-nuvi-760-e-765/"	73675	"text/html"
"GSRITALIA.IT"	"http://www.gsritalia.it/joomla/index.php"	60035	"text/html"
"Il mutuo a tasso fisso"	"http://assicurazionimutuiprestiti.blogspot.com/2010/07/il-mutuo-tasso-fisso.html"	79989	"text/html"
"Rc auto: risparmiare con la..."	"http://www.vostrisoldi.it/articolo/rc-auto-risparmiare-con-la-comparazione-assicurativa/32899/"	74758	"text/html"
"Mutui a tasso variabile: il tetto dei..."	"http://assicurazionimutuiprestiti.blogspot.com/2010/04/mutui-tasso-variabile-il-tetto-dei.html"	80855	"text/html"
"Novit Assicurazioni - Polizza Novit..."	"http://assicurazionimutuiprestiti.blogspot.com/2010/07/novit-assicurazioni-novit-commercio.html"	81848	"text/html"
"Sospensione del mutuo: la tempistica"	"http://assicurazionimutuiprestiti.blogspot.com/2010/11/sospensione-del-mutuo-la-tempistica.html"	79805	"text/html"
"Netvouz - myauto's bookmarks"	"http://www.netvouz.com/myauto"	17017	"text/html"
"ciao sandra"	"http://www.sparseideas.com/?p=8130"	49846	"text/html"
"rifo"	"http://www.sparseideas.com/?p=7921"	50788	"text/html"
"maschere"	"http://www.sparseideas.com/?p=8085"	52066	"text/html"
"tempus fugit"	"http://www.sparseideas.com/?p=8258"	49386	"text/html"
"tuoni letterari"	"http://www.sparseideas.com/?p=8038"	52916	"text/html"
"e via il tappo"	"http://www.sparseideas.com/?p=8033"	57412	"text/html"
"de politica"	"http://www.sparseideas.com/?p=7935"	52471	"text/html"
"libri dell'estate"	"http://www.sparseideas.com/?p=8053"	50069	"text/html"
"agosto"	"http://www.sparseideas.com/?p=8070"	52742	"text/html"
"Democrazia"	"http://www.sparseideas.com/?p=8078"	53958	"text/html"
"e bon"	"http://www.sparseideas.com/?p=8204"	48808	"text/html"
"inverno"	"http://www.sparseideas.com/?p=7872"	49583	"text/html"
"milan real"	"http://www.sparseideas.com/?p=8230"	53024	"text/html"
"miracolo"	"http://www.sparseideas.com/?p=8030"	48822	"text/html"
"pensieri assonnati"	"http://www.sparseideas.com/?p=8107"	53553	"text/html"
"misterei"	"http://www.sparseideas.com/?p=7884"	49000	"text/html"
"chiude caprica"	"http://www.sparseideas.com/?p=8262"	52694	"text/html"
"fatica positiva"	"http://www.sparseideas.com/?p=8226"	52708	"text/html"
"domande con pochissimo interesse"	"http://www.sparseideas.com/?p=8252"	53141	"text/html"
"una faccia da bravo ragasso _ una..."	"http://www.sparseideas.com/?p=8240"	55046	"text/html"
"3d"	"http://www.sparseideas.com/?p=8122"	52949	"text/html"
"tempo che passa"	"http://www.sparseideas.com/?p=7985"	49891	"text/html"
"una mattina per milano"	"http://www.sparseideas.com/?p=8241"	56327	"text/html"
"super strafalcioni"	"http://www.sparseideas.com/?p=7874"	49746	"text/html"
"provato ipad"	"http://www.sparseideas.com/?p=7966"	48734	"text/html"
"percolazioni emotive"	"http://www.sparseideas.com/?p=8200"	50006	"text/html"
"un urlo si è alzato in casa"	"http://www.sparseideas.com/?p=8072"	52031	"text/html"
"batman superman 76"	"http://www.sparseideas.com/?p=8244"	53484	"text/html"
"Schegge di città"	"http://www.sparseideas.com/?p=8079"	51130	"text/html"
"piccole ordalia di un domenica mattina..."	"http://www.sparseideas.com/?p=8216"	54910	"text/html"
"serata di emozioni"	"http://www.sparseideas.com/?p=8160"	55248	"text/html"
"scoperte"	"http://www.sparseideas.com/?p=8208"	49375	"text/html"
"al voto al voto"	"http://www.sparseideas.com/?p=8095"	48992	"text/html"
"L'apprendista stregone"	"http://www.sparseideas.com/?p=8068"	53285	"text/html"
"ufff"	"http://www.sparseideas.com/?p=8016"	52732	"text/html"
"lucchetti?"	"http://www.sparseideas.com/?p=8051"	49070	"text/html"
"Servizi clienti"	"http://www.sparseideas.com/?p=8057"	49172	"text/html"
"come una sitcom (quasi)"	"http://www.sparseideas.com/?p=8154"	53177	"text/html"
"mono piattaforma"	"http://www.sparseideas.com/?p=8232"	54215	"text/html"
"ciao"	"http://www.sparseideas.com/?p=8042"	52575	"text/html"
"iphone 4.0"	"http://www.sparseideas.com/?p=8055"	49039	"text/html"
"I 10000 siti italiani piu' seguiti del..."	"http://blia.it/sitiitaliani/index.php"	543915	"text/html"
"Assicurazioni On Line Auto e Moto:..."	"http://www.6sicuro.com/"	20873	"text/html"
"Site report for cercassicurazioni.it..."	"http://www.siteluck.com/en/cercassicurazioni.it"	14231	"text/html"
"Broker di assicurazione leader nella..."	"http://www.assitecanapoli.it/"	25998	"text/html"
"Automobili Monasteri, auto nuove e..."	"http://www.automonasteri.com/"	31874	"text/html"
"Broker di assicurazione leader nella..."	"http://www.assitecanordest.it/"	26039	"text/html"
"Genertel.it Website Information - Who.is"	"http://www.who.is/website-information/www.genertel.it"	25176	"text/html"
"Onlinear.it Website Information - Who.is"	"http://www.who.is/website-information/www.onlinear.it"	25502	"text/html"
"Genialloyd.it Website Information -..."	"http://www.who.is/website-information/www.genialloyd.it"	27775	"text/html"
"Piaggio NT3 | Ultimissime Auto"	"http://www.ultimissimeauto.com/piaggio-nt3/"	77822	"text/html"
"Nuova Audi A8 L | Ultimissime Auto"	"http://www.ultimissimeauto.com/nuova-audi-a8-l/"	84711	"text/html"
"Audi A7 Sportback | Ultimissime Auto"	"http://www.ultimissimeauto.com/audi-a7-sportback/"	84496	"text/html"
"Il 2011 sarà l'anno di Chrysler |..."	"http://www.ultimissimeauto.com/il-2011-sara-lanno-di-chrysler/"	74629	"text/html"
"Stefan Gp in formula 1 nel 2011 ? |..."	"http://www.ultimissimeauto.com/stefan-gp-in-formula-1-nel-2011/"	72142	"text/html"
"Pirelli dice addio ai Rally |..."	"http://www.ultimissimeauto.com/pirelli-dice-addio-ai-rally/"	73546	"text/html"
"Raikkonen Renault tutto falso ? |..."	"http://www.ultimissimeauto.com/raikkonen-renault-tutto-falso/"	73992	"text/html"
"Cars 2 arriva anteprima video |..."	"http://www.ultimissimeauto.com/cars-2-arriva-anteprima-video/"	73766	"text/html"
"La crisi dei concessionari |..."	"http://www.ultimissimeauto.com/la-crisi-dei-concessionari/"	77354	"text/html"
"Opel nel 2012 torneremo a guadagnare |..."	"http://www.ultimissimeauto.com/opel-nel-2012-torneremo-a-guadagnare/"	76027	"text/html"
"Aperto il parco Ferrari ad Abu Dhabi |..."	"http://www.ultimissimeauto.com/aperto-il-parco-ferrari-ad-abu-dhabi/"	84852	"text/html"
"Alonso l'aiuto di Felipe non mi serve |..."	"http://www.ultimissimeauto.com/alonso-laiuto-di-felipe-non-mi-serve/"	73195	"text/html"
"Ford Utile record di tutti i tempi |..."	"http://www.ultimissimeauto.com/ford-utile-record-di-tutti-i-tempi/"	72151	"text/html"
"La formula 1 nel motel del sesso |..."	"http://www.ultimissimeauto.com/la-formula-1-nel-motel-del-sesso/"	75467	"text/html"
"Tutti contro la Ferrari e l'Italia |..."	"http://www.ultimissimeauto.com/tutti-contro-la-ferrari-e-litalia/"	76525	"text/html"
"Marchionne a Che Tempo che fa da Fazio..."	"http://www.ultimissimeauto.com/marchionne-a-che-tempo-che-fa-da-fazio-video/"	78021	"text/html"
"Sergio Perez alla Ferrari Driver..."	"http://www.ultimissimeauto.com/sergio-perez-alla-ferrari-driver-academy/"	72463	"text/html"
"Mercedes rottura con Brawn e Schumacher..."	"http://www.ultimissimeauto.com/mercedes-rottura-con-brawn-e-schumacher/"	74485	"text/html"
"Lamborghini apre due concessionari in..."	"http://www.ultimissimeauto.com/lamborghini-apre-due-concessionari-in-messico/"	72795	"text/html"
"Cinque milioni di macchine elettriche..."	"http://www.ultimissimeauto.com/cinque-milioni-di-macchine-elettriche-entro-il-2015/"	73016	"text/html"
"Gp Singapore avanti le Red Bull ma..."	"http://www.ultimissimeauto.com/gp-singapore-avanti-le-red-bull-ma-alonso-e-quarto/"	76998	"text/html"
"Fiat globale dopo lo scorporo ma la..."	"http://www.ultimissimeauto.com/fiat-globale-dopo-lo-scorporo-ma-la-sfida-e-lunga/"	76520	"text/html"
"Loeb vince il Rally di Germania per la..."	"http://www.ultimissimeauto.com/loeb-vince-il-rally-di-germania-per-la-ottava-volta/"	73744	"text/html"
"Accordo Peugeot Citroen con Mitsubishi..."	"http://www.ultimissimeauto.com/accordo-peugeot-citroen-con-mitsubishi-per-auto-elettrica/"	72894	"text/html"
"Scontro test tra Peugeot 308 e Ford..."	"http://www.ultimissimeauto.com/scontro-test-tra-peugeot-308-e-ford-fiesta-video/"	72578	"text/html"
"Marchionne conti positivi per la Fiat..."	"http://www.ultimissimeauto.com/marchionne-conti-positivi-per-la-fiat-nel-terzo-trimestre/"	75289	"text/html"
"La Fiat a Torino a cena coi sindacati..."	"http://www.ultimissimeauto.com/la-fiat-a-torino-a-cena-coi-sindacati-americani-la-fiom-si-incazza/"	76427	"text/html"
"Bmw richiama 350 mila auto tra cui le..."	"http://www.ultimissimeauto.com/bmw-richiama-350-mila-auto-tra-cui-le-rolls-royce-problemi-di-freni/"	73642	"text/html"
"Comprare OnLine - boncop"	"http://sites.google.com/site/boncopagine/Acquisti-On-Line"	31820	"text/html"
"il blog di canarinomannaro: Proviamo..."	"http://www.canarinomannaro.com/2009/04/proviamo-ubuntu.html"	91525	"text/html"
"il blog di canarinomannaro: Gli..."	"http://www.canarinomannaro.com/2009/05/gli-occhiali-piercing.html"	85851	"text/html"
"il blog di canarinomannaro: Windows 7..."	"http://www.canarinomannaro.com/2009/09/windows-7-nuovo-ripristino.html"	85200	"text/html"
"il blog di canarinomannaro: Image..."	"http://www.canarinomannaro.com/2009/04/image-resizer-powertoy-clone.html"	86279	"text/html"
"il blog di canarinomannaro: Ridurre i..."	"http://www.canarinomannaro.com/2009/06/ridurre-i-file-mp3-senza-perdere.html"	85344	"text/html"
"il blog di canarinomannaro: Rimuovi..."	"http://www.canarinomannaro.com/2009/03/rimuovi-tutte-le-varianti-del-virus.html"	86087	"text/html"
"il blog di canarinomannaro: Oxelon..."	"http://www.canarinomannaro.com/2009/11/oxleon-media-converter-conversione.html"	86266	"text/html"
"il blog di canarinomannaro: MuseScore..."	"http://www.canarinomannaro.com/2009/04/musescore-software-opensource-per-la.html"	89089	"text/html"
"il blog di canarinomannaro:..."	"http://www.canarinomannaro.com/2009/03/saveaspdfandxps-creare-un-pdf-da-word.html"	85684	"text/html"
"il blog di canarinomannaro: LiftMagic e..."	"http://www.canarinomannaro.com/2009/11/liftmagic-e-scopri-come-sarai-dopo-il.html"	85140	"text/html"
"il blog di canarinomannaro: Aggiungi..."	"http://www.canarinomannaro.com/2009/06/aggiungi-filigrana-per-proteggere-le.html"	85197	"text/html"
"il blog di canarinomannaro: Attenzione,..."	"http://www.canarinomannaro.com/2009/02/attenzione-una-falla-di-excel-minaccia.html"	82948	"text/html"
"il blog di canarinomannaro: MOTORHEAD..."	"http://www.canarinomannaro.com/2009/07/e-finalmente-arrivato-il-momento-tanto.html"	83236	"text/html"
"Prestiti: le segnalazioni al Crif"	"http://assicurazionimutuiprestiti.blogspot.com/2008/12/prestiti-le-segnalazioni-in-crif.html"	81483	"text/html"
"Fondiaria Sai - Polizza vita Open..."	"http://assicurazionimutuiprestiti.blogspot.com/2009/01/fondiaria-sai-polizza-vita-open.html"	84149	"text/html"
"Il mutuo a tasso variabile: conviene o..."	"http://assicurazionimutuiprestiti.blogspot.com/2008/10/il-mutuo-tasso-variabile.html"	81200	"text/html"
"La cessione del quinto dello stipendio:..."	"http://assicurazionimutuiprestiti.blogspot.com/2008/09/la-cessione-del-quinto-dello-stipendio.html"	82868	"text/html"
"Il barometro della domanda di mutui"	"http://assicurazionimutuiprestiti.blogspot.com/2010/07/il-barometro-della-domanda-di-mutui.html"	80679	"text/html"
"Assicurazioni e responsabilità civile:..."	"http://assicurazionimutuiprestiti.blogspot.com/2008/09/assicurazioni-e-responsabilit-civile.html"	81756	"text/html"
"Ristrutturazione della casa: quali sono..."	"http://assicurazionimutuiprestiti.blogspot.com/2010/12/ristrutturazione-della-casa-quali-sono.html"	80934	"text/html"
"Europa: il miglio mutuo è quello con il..."	"http://assicurazionimutuiprestiti.blogspot.com/2010/05/europa-il-miglio-mutuo-e-quello-con-il.html"	81491	"text/html"
"Finanzaetrading.com - Portale sul mondo..."	"http://assicurazionimutuiprestiti.blogspot.com/2010/07/finanzaetradingcom-portale-sul-mondo.html"	80812	"text/html"
"Rc auto: tutti i siti per risparmiare -..."	"http://www.microsoft.com/italy/pmi/pmi-flash/rc-auto.mspx"	46611	"text/html"
"Evolution Tech – Autofficina..."	"http://www.evolution-tech.net/"	36762	"text/html"
"Ford Ranger | Ultimissime Auto"	"http://www.ultimissimeauto.com/ford-ranger/"	79958	"text/html"
"Kangoo Renault | Ultimissime Auto"	"http://www.ultimissimeauto.com/kangoo-renault/"	74519	"text/html"
"Suzuki Swift R | Ultimissime Auto"	"http://www.ultimissimeauto.com/suzuki-swift-r/"	70786	"text/html"
"La Fiat e la Cina | Ultimissime Auto"	"http://www.ultimissimeauto.com/la-fiat-e-la-cina/"	70367	"text/html"
"Lotus contro Lotus | Ultimissime Auto"	"http://www.ultimissimeauto.com/lotus-contro-lotus/"	73333	"text/html"
"Jeep Cherokee 2011 | Ultimissime Auto"	"http://www.ultimissimeauto.com/jeep-cherokee-2011/"	77190	"text/html"
"Opel Astra Tourer 2011 | Ultimissime..."	"http://www.ultimissimeauto.com/opel-astra-tourer-2011/"	92472	"text/html"
"SSC Ultimate Aero II la più veloce del..."	"http://www.ultimissimeauto.com/ssc-ultimate-aero-ii/"	79077	"text/html"
"Opel GTC Paris Concept | Ultimissime..."	"http://www.ultimissimeauto.com/opel-gtc-paris-concept/"	79509	"text/html"
"Dacia compie cinque anni | Ultimissime..."	"http://www.ultimissimeauto.com/dacia-compie-cinque-anni/"	72557	"text/html"
"Peugeot il museo Schaux | Ultimissime..."	"http://www.ultimissimeauto.com/peugeot-il-museo-schaux/"	76814	"text/html"
"Alfa Romeo e Bob Sinclair | Ultimissime..."	"http://www.ultimissimeauto.com/alfa-romeo-e-bob-sinclair/"	78120	"text/html"
"Nuovo crossover Jeep video |..."	"http://www.ultimissimeauto.com/nuovo-crossover-jeep-video/"	71955	"text/html"
"Porsche Cajun in arrivo | Ultimissime..."	"http://www.ultimissimeauto.com/porsche-cajun-in-arrivo/"	70775	"text/html"
"Giulietta Auto d'Europa 2011 |..."	"http://www.ultimissimeauto.com/giulietta-auto-deuropa-2011/"	71746	"text/html"
"Toyota Prius a quota 2 milioni |..."	"http://www.ultimissimeauto.com/toyota-prius-a-quota-2-milioni/"	72551	"text/html"
"Tarquini in Pole a Valencia WTTC |..."	"http://www.ultimissimeauto.com/tarquini-in-pole-a-valencia-wttc/"	72249	"text/html"
"Alonso il mondiale comincia ora |..."	"http://www.ultimissimeauto.com/alonso-il-mondiale-comincia-ora/"	73803	"text/html"
"Massa Ferrari verso il divorzio |..."	"http://www.ultimissimeauto.com/massa-ferrari-verso-il-divorzio/"	74790	"text/html"
"Mazda 2 e Mazda 5 verso Parigi |..."	"http://www.ultimissimeauto.com/mazda-2-e-mazda-5-verso-parigi/"	73787	"text/html"
"Citroen approvata Quattroruote video |..."	"http://www.ultimissimeauto.com/citroen-approvata-quattroruote/"	74223	"text/html"
"Mitsubishi Lancer Evolution 2011 |..."	"http://www.ultimissimeauto.com/mitsubishi-lancer-evolution-2011/"	85379	"text/html"
"Christian Wolff in Williams |..."	"http://www.ultimissimeauto.com/christian-wolff-in-williams/"	71514	"text/html"
"Peugeot Avenue e la "" Electro Mobility..."	"http://www.ultimissimeauto.com/peugeot-avenue-e-la-electro-mobility/"	74621	"text/html"
"Loeb Citroen vince rally Giordania |..."	"http://www.ultimissimeauto.com/loeb-citroen-vince-rally-giordania/"	74546	"text/html"
"Hanninen pronto al rally di Scozia |..."	"http://www.ultimissimeauto.com/hanninen-pronto-al-rally-di-scozia/"	73631	"text/html"
"Ruf ripropone la Porsche 911 Targa |..."	"http://www.ultimissimeauto.com/ruf-ripropone-la-porsche-911-targa/"	75501	"text/html"
"WRC Ogier vince il rally del Giappone |..."	"http://www.ultimissimeauto.com/wrc-ogier-vince-il-rally-del-giappone/"	72638	"text/html"
"Buon Compleanno Jaguar compie 75 anni |..."	"http://www.ultimissimeauto.com/buon-compleanno-jaguar-compie-75-anni/"	83179	"text/html"
"Collins è The Stig ufficiale video |..."	"http://www.ultimissimeauto.com/collins-e-the-stig-ufficiale-video/"	71189	"text/html"
"Fiat Melfi ferma per pezzi difettosi |..."	"http://www.ultimissimeauto.com/fiat-melfi-ferma-per-pezzi-difettosi/"	74018	"text/html"
"McLaren MP4-12C in Italia col gruppo..."	"http://www.ultimissimeauto.com/mclaren-mp4-12c-in-italia-col-gruppo-fassina/"	73901	"text/html"
"I voti ai piloti del gran premio di..."	"http://www.ultimissimeauto.com/i-voti-ai-piloti-del-gran-premio-di-corea/"	74301	"text/html"
"L'impegno logistico della Ferrari in..."	"http://www.ultimissimeauto.com/limpegno-logistico-della-ferrari-in-giappone/"	77346	"text/html"
"Villeneuve con il proprio team in..."	"http://www.ultimissimeauto.com/villeneuve-con-il-proprio-team-in-formula-1/"	74595	"text/html"
"Mercedes Nissan Renault alleanza..."	"http://www.ultimissimeauto.com/mercedes-nissan-renault-alleanza-elettrica/"	75922	"text/html"
"Pontiac oggi chiuso lo storico marchio..."	"http://www.ultimissimeauto.com/pontiac-oggi-chiuso-lo-storico-marchio-gm/"	71345	"text/html"
"Opel la sua citycar prodotta in..."	"http://www.ultimissimeauto.com/opel-la-sua-citycar-prodotta-in-germania/"	71733	"text/html"
"Gp2 gara due Germania vince Sergio..."	"http://www.ultimissimeauto.com/gp2-gara-due-germania-vince-sergio-perez/"	74187	"text/html"
"Renault Twingo Miss Sixty Belen..."	"http://www.ultimissimeauto.com/renault-twingo-miss-sixty-belen-rodriguez/"	72260	"text/html"
"Ottobre Fiat al 28,6% del mercato..."	"http://www.ultimissimeauto.com/ottobre-fiat-al-286-del-mercato-italiano/"	73340	"text/html"
"Lauda la Red Bull deve puntare su..."	"http://www.ultimissimeauto.com/lauda-la-red-bull-deve-puntare-su-webber/"	71761	"text/html"
"Mosley contro la Ferrari Va penalizzata..."	"http://www.ultimissimeauto.com/mosley-contro-la-ferrari-va-penalizzata/"	72970	"text/html"
"Giovanni Perosino dalla Fiat alla..."	"http://www.ultimissimeauto.com/giovanni-perosino-dalla-fiat-alla-volkswagen/"	71559	"text/html"
"Alonso al comando a Spa nella giornata..."	"http://www.ultimissimeauto.com/alonso-al-comando-a-spa-nella-giornata-delle-libere/"	75059	"text/html"
"Ecclestone togliere il divieto degli..."	"http://www.ultimissimeauto.com/ecclestone-togliere-il-divieto-degli-ordii-di-scuderia/"	72618	"text/html"
"Robert Pattinson e Katy Perry..."	"http://www.ultimissimeauto.com/robert-pattinson-e-katy-perry-passeggeri-ideali/"	71909	"text/html"
"Toyota no agli stabilimenti di Termini..."	"http://www.ultimissimeauto.com/toyota-no-agli-stabilimenti-di-termini-imerese/"	74230	"text/html"
"Ginevra Elkann la Fiat non se ne andrà..."	"http://www.ultimissimeauto.com/ginevra-elkann-la-fiat-non-se-ne-andra-dallitalia/"	73303	"text/html"
"Hyundai ix35 in Italia domanda..."	"http://www.ultimissimeauto.com/hyundai-ix35-in-italia-domanda-superiore-allofferta/"	76976	"text/html"
"Briatore solo un disastro può far..."	"http://www.ultimissimeauto.com/briatore-solo-un-disastro-puo-far-perdere-alonso/"	73429	"text/html"
"Marchionne Fiat svolta storica..."	"http://www.ultimissimeauto.com/marchionne-fiat-svolta-storica-industria-italiana/"	73746	"text/html"
"Giugiaro e De Silva alla Volkswagen il..."	"http://www.ultimissimeauto.com/giugiaro-e-de-silva-alla-volkswagen-il-tocco-latino/"	74899	"text/html"
"Paolo Andreucci ancora campione..."	"http://www.ultimissimeauto.com/paolo-andreucci-ancora-campione-italiano-di-rally/"	72157	"text/html"
"Vettel e Webber in Pole al Gp di Corea..."	"http://www.ultimissimeauto.com/vettel-e-webber-in-pole-al-gp-di-corea-terzo-alonso/"	75926	"text/html"
"Todt : Schumacher non è un robot e ora..."	"http://www.ultimissimeauto.com/todt-schumacher-non-e-un-robot-e-ora-non-e-sereno/"	72250	"text/html"
"Massa se fai passare Alonso in Brasile..."	"http://www.ultimissimeauto.com/massa-se-fai-passare-alonso-in-brasile-ti-arresto/"	75780	"text/html"
"La lega : terzo figlio senza obbligo di..."	"http://www.ultimissimeauto.com/la-lega-terzo-figlio-senza-obbligo-di-seggiolino/"	72684	"text/html"
"Il cambio automatico nella Dacia Logan..."	"http://www.ultimissimeauto.com/il-cambio-automatico-nella-dacia-logan-e-nella-sendero/"	76462	"text/html"
"Lamborghini della polizia nel gioco..."	"http://www.ultimissimeauto.com/lamborghini-della-polizia-nel-gioco-need-for-speed/"	73976	"text/html"
"La protesta di Giorgio Fiora..."	"http://www.ultimissimeauto.com/la-protesta-di-giorgio-fiora-concessionario-audi-volkswagen/"	87926	"text/html"
"Citroen Loeb vince rally di Francia ed..."	"http://www.ultimissimeauto.com/citroen-loeb-vince-rally-di-francia-ed-e-campione-del-mondo/"	73931	"text/html"
"Peugeot 107 scandalo manichini leggeri..."	"http://www.ultimissimeauto.com/peugeot-107-scandalo-manichini-leggeri-nelle-prove-ncap/"	72049	"text/html"
"Vettel vince a Suzuka terzo Alonso..."	"http://www.ultimissimeauto.com/vettel-vince-a-suzuka-terzo-alonso-incidente-massa-video/"	76808	"text/html"
"Villenueve si compra la Durango aiutato..."	"http://www.ultimissimeauto.com/villeneuve-si-compra-la-durango-aiutato-d-gheddafi-junior/"	72940	"text/html"
"Audi A2 elettrica record 600 km..."	"http://www.ultimissimeauto.com/audi-a2-elettrica-record-600-km-autonomia-da-monaco-a-berlino/"	76277	"text/html"
"Hamilton vince il GP di Spa secondo..."	"http://www.ultimissimeauto.com/hamilton-vince-il-gp-di-spa-secondo-webber-alonso-non-pervenuto/"	76013	"text/html"
"Mosley Alonso dimezzato se vince grazie..."	"http://www.ultimissimeauto.com/mosley-alonso-dimezzato-se-vince-grazie-ai-punti-della-germania/"	72703	"text/html"
"Red Bull la simulazione del Gp di Corea..."	"http://www.ultimissimeauto.com/red-bull-la-simulazione-del-gp-di-corea-con-incidenti-tra-vettel-e-webber-video/"	75495	"text/html"
"ASSICURAZIONE AUTO MOTO"	"http://www.windoweb.it/guida/finanza/assicurazioni.htm"	73539	"text/html"
"Assicurazioni online - Assicurazione..."	"http://www.justshopping.it/servizi/finanza/assicurazioni_online.htm"	7529	"text/html"
"Mutui e anatocismo: paghiamo il giusto?"	"http://assicurazionimutuiprestiti.blogspot.com/2008/11/mutui-e-anatocismo.html"	80558	"text/html"
"Conti correnti - Dynamic di Banca..."	"http://assicurazionimutuiprestiti.blogspot.com/2010/03/conti-correnti-dynamic-di-banca.html"	81003	"text/html"
"Aurora Assicurazioni - Polizza vita..."	"http://assicurazionimutuiprestiti.blogspot.com/2009/02/aurora-assicurazioni-polizza-vita.html"	83177	"text/html"
"Alleanza Assicurazioni - Polizza vita..."	"http://assicurazionimutuiprestiti.blogspot.com/2010/01/alleanza-assicurazioni-polizza-vita-far.html"	80764	"text/html"
"Possibili modifiche alla Legge Bersani"	"http://assicurazionimutuiprestiti.blogspot.com/2009/10/possibili-modifiche-alla-legge-bersani.html"	82162	"text/html"
"Come ottenere i finanziamenti pubblici?"	"http://assicurazionimutuiprestiti.blogspot.com/2010/11/come-ottenere-i-finanziamenti-pubblici.html"	80954	"text/html"
"Toro Assicurazioni - Polizza vita..."	"http://assicurazionimutuiprestiti.blogspot.com/2009/02/toro-assicurazioni-polizza-vita.html"	84127	"text/html"
"Assicurazione auto: cosa cambia col..."	"http://assicurazionimutuiprestiti.blogspot.com/2008/10/assicurazione-auto-cosa-cambia-col.html"	81659	"text/html"
"Le ultime variazioni della domanda di..."	"http://assicurazionimutuiprestiti.blogspot.com/2010/08/le-ultime-variazioni-della-domanda-di.html"	80670	"text/html"
"Confronto preventivi online rc auto 6:..."	"http://assicurazionimutuiprestiti.blogspot.com/2009/03/confronto-preventivi-rc-auto-6-toyota.html"	81776	"text/html"
"Confronto preventivi online rc auto 10:..."	"http://assicurazionimutuiprestiti.blogspot.com/2009/04/confronto-preventivi-rc-auto-10.html"	82298	"text/html"
"Responsabilità civile e RC auto:..."	"http://assicurazionimutuiprestiti.blogspot.com/2008/09/responsabilit-civile-e-rc-auto.html"	83479	"text/html"
"Conti correnti - Conto Active di Banca..."	"http://assicurazionimutuiprestiti.blogspot.com/2010/02/conti-correnti-conto-active-di-banca.html"	81167	"text/html"
"Ina Assitalia - Polizza vita Euro Forte..."	"http://assicurazionimutuiprestiti.blogspot.com/2009/01/ina-assitalia-assicurazioni-euro-forte.html"	84313	"text/html"
"Mutuo a tasso variabile: le diverse..."	"http://assicurazionimutuiprestiti.blogspot.com/2008/11/mutuo-tasso-variabile-le-diverse.html"	80771	"text/html"
"Alleanza Assicurazioni - Polizza vita..."	"http://assicurazionimutuiprestiti.blogspot.com/2009/01/alleanza-assicurazioni-polizza-vita.html"	85234	"text/html"
""			
"Volvo C30 touring foto | Ultimissime..."	"http://www.ultimissimeauto.com/volvo-c30-touring-foto/"	73011	"text/html"
"Renault Clio 20th | Ultimissime Auto"	"http://www.ultimissimeauto.com/renault-clio-ventanni/"	73908	"text/html"
"BMW Art Car Jeff Koons | Ultimissime..."	"http://www.ultimissimeauto.com/bmw-art-car-jeff-koons/"	73318	"text/html"
"Tata a Termini Imerese ? | Ultimissime..."	"http://www.ultimissimeauto.com/tata-a-termini-imerese/"	74472	"text/html"
"Jaguar e Land Rover finanziate da GE |..."	"http://www.ultimissimeauto.com/tata-general-electric/"	71934	"text/html"
"Bmw serie 5 nuove foto | Ultimissime..."	"http://www.ultimissimeauto.com/bmw-serie-5-nuove-foto/"	81995	"text/html"
"Nasce la nuova Bertone | Ultimissime..."	"http://www.ultimissimeauto.com/nasce-la-nuova-bertone/"	77456	"text/html"
"Hyundai Elantra 2012 spy | Ultimissime..."	"http://www.ultimissimeauto.com/hyundai-elantra-2012-spy/"	71547	"text/html"
"Toyota Etios presentata | Ultimissime..."	"http://www.ultimissimeauto.com/toyota-etios-presentata/"	74015	"text/html"
"Ferrari Driver Accademy | Ultimissime..."	"http://www.ultimissimeauto.com/ferrari-driver-accademy/"	72295	"text/html"
"KoCo2 alla Eco Marathon | Ultimissime..."	"http://www.ultimissimeauto.com/koco2-alla-eco-marathon/"	72469	"text/html"
"Raikkonen Citroen accordo | Ultimissime..."	"http://www.ultimissimeauto.com/raikkonen-citroen-accordo/"	73666	"text/html"
"Subaru tenuta del marchio | Ultimissime..."	"http://www.ultimissimeauto.com/subaru-tenuta-del-marchio/"	73304	"text/html"
"Ferrari 599 Spider spiata ? |..."	"http://www.ultimissimeauto.com/ferrari-599-spider-spiata/"	72184	"text/html"
"Jaguar XF Stealth Edition | Ultimissime..."	"http://www.ultimissimeauto.com/jaguar-xf-stealth-edition/"	73712	"text/html"
"Renault perde gli sponsor | Ultimissime..."	"http://www.ultimissimeauto.com/renault-mutua-madrilena/"	74747	"text/html"
"BMW M5 spy in Scandinavia | Ultimissime..."	"http://www.ultimissimeauto.com/bmw-m5-spy-in-scandinavia/"	75459	"text/html"
"Subaru Impreza Cosworth | Ultimissime..."	"http://www.ultimissimeauto.com/subaru-impreza-cosworth/"	74285	"text/html"
"Mercedes Shooting Break | Ultimissime..."	"http://www.ultimissimeauto.com/mercedes-shooting-break/"	90560	"text/html"
"Nuovo Volkswagen Touran | Ultimissime..."	"http://www.ultimissimeauto.com/nuovo-volkswagen-touran/"	85941	"text/html"
"Jeep prodotta in Brasile ? |..."	"http://www.ultimissimeauto.com/jeep-prodotta-in-brasile/"	73900	"text/html"
"Salone del camper a Parma | Ultimissime..."	"http://www.ultimissimeauto.com/salone-del-camper-a-parma/"	71948	"text/html"
"Audi A2 ritorno ufficiale | Ultimissime..."	"http://www.ultimissimeauto.com/audi-a2-ritorno-ufficiale/"	71446	"text/html"
"Chrysler 300c a Detroit | Ultimissime..."	"http://www.ultimissimeauto.com/chrysler-300c-a-detroit/"	73706	"text/html"
"Renault ritiro dalla Formula 1 ? |..."	"http://www.ultimissimeauto.com/renault-ritira-formula-1/"	72107	"text/html"
"Bmw serie 6 cabrio spy | Ultimissime..."	"http://www.ultimissimeauto.com/bmw-serie-6-cabrio-spy-2/"	76226	"text/html"
"Nuova Jeep Grand Cherokee | Ultimissime..."	"http://www.ultimissimeauto.com/nuova-jeep-grand-cherokee/"	79964	"text/html"
"Volkswagen Tiguan Match | Ultimissime..."	"http://www.ultimissimeauto.com/volkswagen-tiguan-match/"	71845	"text/html"
"La rinascita della Lotus | Ultimissime..."	"http://www.ultimissimeauto.com/la-rinascita-della-lotus/"	74994	"text/html"
"Honda forti utili in Usa | Ultimissime..."	"http://www.ultimissimeauto.com/honda-forti-utili-in-usa/"	71660	"text/html"
"Suzuki cento anni | Ultimissime Auto"	"http://www.ultimissimeauto.com/suzuki-alto-anniversary/"	83272	"text/html"
"Gm pronta alla quotazione | Ultimissime..."	"http://www.ultimissimeauto.com/gm-pronta-alla-quotazione/"	70742	"text/html"
"Volkswagen Up o Lupo spy | Ultimissime..."	"http://www.ultimissimeauto.com/volkswagen-up-o-lupo-spy/"	75269	"text/html"
"Volvo V60 la Sport Wagon | Ultimissime..."	"http://www.ultimissimeauto.com/volvo-v60-la-sport-wagon/"	86896	"text/html"
"Volvo C30 DRIVe nel WTCC | Ultimissime..."	"http://www.ultimissimeauto.com/volvo-c30-drive-nel-wtcc/"	72065	"text/html"
"Alfa Romeo 166 macchina più svalutata..."	"http://www.ultimissimeauto.com/alfa-romeo-166-svalutata/"	72184	"text/html"
"Saab riparte produzione | Ultimissime..."	"http://www.ultimissimeauto.com/saab-riparte-produzione/"	74269	"text/html"
"Formula Uno a Webber il Gp di Monaco |..."	"http://www.ultimissimeauto.com/webber-vince-a-montecarlo/"	75932	"text/html"
"Fiat Uno spot televisivo | Ultimissime..."	"http://www.ultimissimeauto.com/fiat-uno-spot-televisivo/"	70847	"text/html"
"La Limousine dei record | Ultimissime..."	"http://www.ultimissimeauto.com/la-limousine-dei-record/"	74595	"text/html"
"Bmw serie 5 ibrida prototipo |..."	"http://www.ultimissimeauto.com/bmw-serie-5-ibrida-video/"	73977	"text/html"
"Jason Castriota alla Saab | Ultimissime..."	"http://www.ultimissimeauto.com/jason-castriota-alla-saab/"	71264	"text/html"
"Nuova Astra Sports Tourer | Ultimissime..."	"http://www.ultimissimeauto.com/nuova-astra-sports-tourer/"	78630	"text/html"
"Jeep Grand Cherokee SRT8 ? |..."	"http://www.ultimissimeauto.com/jeep-grand-cherokee-srt8/"	71608	"text/html"
"Alfa Romeo Giulietta video |..."	"http://www.ultimissimeauto.com/alfa-romeo-giulietta-video/"	73079	"text/html"
"Le pagelle piloti di Monza |..."	"http://www.ultimissimeauto.com/le-pagelle-piloti-di-monza/"	73061	"text/html"
"Volkswagen Up ! Lite Concept |..."	"http://www.ultimissimeauto.com/volkswagen-up-lite-concept/"	86392	"text/html"
"Alfa Giulietta primo video |..."	"http://www.ultimissimeauto.com/alfa-giulietta-primo-video/"	74032	"text/html"
"Kia Magentis prime immagini |..."	"http://www.ultimissimeauto.com/kia-magentis-prime-immagini/"	73671	"text/html"
"Massa non sono il numero 2 |..."	"http://www.ultimissimeauto.com/massa-non-sono-il-numero-2/"	72613	"text/html"
"La Bridgestone lascia la formula 1 |..."	"http://www.ultimissimeauto.com/la-bridgestone-lascia-la-f1/"	74031	"text/html"
"Fiat no ufficiale al motor show di..."	"http://www.ultimissimeauto.com/fiat-no-ufficiale-a-bologna/"	71308	"text/html"
"Lamborghini Sesto Elemento |..."	"http://www.ultimissimeauto.com/lamborghini-sesto-elemento/"	82008	"text/html"
"Bmw serie 3 Cabrio e Coupé |..."	"http://www.ultimissimeauto.com/bmw-serie-3-cabrio-e-coupe/"	73166	"text/html"
"Gm Spyker accordo per Saab |..."	"http://www.ultimissimeauto.com/gm-spyker-accordo-per-saab/"	72814	"text/html"
"Gm Dan Akerson nuovo amministratore..."	"http://www.ultimissimeauto.com/dan-akerson-nuovo-ad-di-gm/"	73606	"text/html"
"Berlino aiuterà anche Gm | Ultimissime..."	"http://www.ultimissimeauto.com/berlino-gm-aiuti-necessari/"	72620	"text/html"
"Jetta Volkswagen in America |..."	"http://www.ultimissimeauto.com/jetta-volkswagen-in-america/"	71979	"text/html"
"Nissan New Mobility Concept |..."	"http://www.ultimissimeauto.com/nissan-new-mobility-concept/"	73130	"text/html"
"Sauber toglierà il nome Bmw |..."	"http://www.ultimissimeauto.com/sauber-togliera-il-nome-bmw/"	72115	"text/html"
"Renault My Special Car Show |..."	"http://www.ultimissimeauto.com/renault-my-special-car-show/"	72603	"text/html"
"Ferrari e Maserati nel 2014 |..."	"http://www.ultimissimeauto.com/ferrari-e-maserati-nel-2014/"	70924	"text/html"
"Porsche Panamera Turbo 9FF |..."	"http://www.ultimissimeauto.com/porsche-panamera-turbo-9ff/"	73066	"text/html"
"La nuova Volkswagen Sharan |..."	"http://www.ultimissimeauto.com/la-nuova-volkswagen-sharan/"	74529	"text/html"
"Kia richiami per la Picanto |..."	"http://www.ultimissimeauto.com/kia-richiami-per-la-picanto/"	71779	"text/html"
"Ken Block al mondiale Rally |..."	"http://www.ultimissimeauto.com/ken-block-al-mondiale-rally/"	74220	"text/html"
"Seat Altea e Leon Ecomotive |..."	"http://www.ultimissimeauto.com/seat-altea-e-leon-ecomotive/"	73571	"text/html"
"Ferrari rinnova con Mattel |..."	"http://www.ultimissimeauto.com/ferrari-rinnova-con-mattel/"	70837	"text/html"
"Volkswagen è già il primo produttore..."	"http://www.ultimissimeauto.com/volkswagen-sorpassa-toyota/"	71212	"text/html"
"Buemi incidente cina video |..."	"http://www.ultimissimeauto.com/buemi-incidente-cina-video/"	71202	"text/html"
"Subaru Legacy Touring | Ultimissime Auto"	"http://www.ultimissimeauto.com/subaru-legacy-station-wagon/"	71729	"text/html"
"A Londra i Taxi ad idrogeno |..."	"http://www.ultimissimeauto.com/a-londra-i-taxi-ad-idrogeno/"	71296	"text/html"
"Toyota F1 diventa Stefan GP ? |..."	"http://www.ultimissimeauto.com/toyota-f1-diventa-stefan-gp/"	72668	"text/html"
"Bmw strategie per il futuro |..."	"http://www.ultimissimeauto.com/bmw-strategie-per-il-futuro/"	73462	"text/html"
"Mortara campione mondo Formula 3 |..."	"http://www.ultimissimeauto.com/edoardo-mortara-campione-f3/"	70794	"text/html"
"Mercedes classe B spy nel gelo |..."	"http://www.ultimissimeauto.com/mercedes-classe-b-spy-nel-gelo/"	75575	"text/html"
"Button in visita alla Mclaren |..."	"http://www.ultimissimeauto.com/button-in-visita-alla-mclaren/"	72331	"text/html"
"Renault Samsung Sm5 prime foto |..."	"http://www.ultimissimeauto.com/renault-samsung-sm5-prime-foto/"	76224	"text/html"
"Barrichello pole gp brasile |..."	"http://www.ultimissimeauto.com/barrichello-pole-f1-interlagos/"	74634	"text/html"
"Gp2 Montecarlo vincono Perez e..."	"http://www.ultimissimeauto.com/gp2-monaco-vincono-perez-e-d/"	78504	"text/html"
"Nuova Hyundai Coupé in arrivo |..."	"http://www.ultimissimeauto.com/nuova-hyundai-coupe-in-arrivo/"	74510	"text/html"
"La Red Bull cerca uno sponsor |..."	"http://www.ultimissimeauto.com/la-red-bull-cerca-uno-sponsor/"	70758	"text/html"
"Audi A7 spiata in Portogallo |..."	"http://www.ultimissimeauto.com/audi-a7-spiata-in-portogallo/"	70439	"text/html"
"La Lexus GX 460 non è sicura |..."	"http://www.ultimissimeauto.com/la-lexus-gx-460-non-e-sicura/"	71131	"text/html"
"Bmw serie 1 M sarà realizzata |..."	"http://www.ultimissimeauto.com/bmw-serie-1-m-sara-realizzata/"	70826	"text/html"
"Lancia Delta diventa Chrysler |..."	"http://www.ultimissimeauto.com/lancia-delta-diventa-chrysler/"	72458	"text/html"
"Lancia Chrysler quali stategie ? |..."	"http://www.ultimissimeauto.com/lancia-chrysler-quali-stategie/"	74224	"text/html"
"Lancia fra i Nobel della Pace |..."	"http://www.ultimissimeauto.com/lancia-fra-i-nobel-della-pace/"	72697	"text/html"
"Alfa Romeo Pandion a Ginevra |..."	"http://www.ultimissimeauto.com/alfa-romeo-pandion-a-ginevra/"	74316	"text/html"
"La Nuova Panda slitta al 2012 |..."	"http://www.ultimissimeauto.com/la-nuova-panda-slitta-al-2012/"	71030	"text/html"
"Renault Master e Opel Movano |..."	"http://www.ultimissimeauto.com/renault-master-e-opel-movano/"	72464	"text/html"
"La Renault F1 vuole Raikkonen |..."	"http://www.ultimissimeauto.com/la-renault-f1-vuole-raikkonen/"	72710	"text/html"
"Marchionne ed il problema GMAC |..."	"http://www.ultimissimeauto.com/marchionne-ed-il-problema-gmac/"	74035	"text/html"
"Blue E-motion Golf Elettrica |..."	"http://www.ultimissimeauto.com/blue-e-motion-golf-elettrica/"	71975	"text/html"
"Skoda 2009 di grandi risultati |..."	"http://www.ultimissimeauto.com/skoda-2009-di-grandi-risultati/"	71708	"text/html"
"Alonso a Monza in 500 Abarth |..."	"http://www.ultimissimeauto.com/alonso-a-monza-in-500-abarth/"	71862	"text/html"
"Sam Bird Pole Gp2 in Ungheria |..."	"http://www.ultimissimeauto.com/sam-bird-pole-gp2-in-ungheria/"	72866	"text/html"
"Mercedes classe E cabrio video |..."	"http://www.ultimissimeauto.com/mercedes-classe-e-cabrio-video/"	72623	"text/html"
"Antonio Melica a Nissan Italia |..."	"http://www.ultimissimeauto.com/antonio-melica-a-nissan-italia/"	71893	"text/html"
"Nuova Mercedes CLS senza veli |..."	"http://www.ultimissimeauto.com/nuova-mercedes-cls-senza-veli/"	73266	"text/html"
"Dati Mercato auto di Settembre |..."	"http://www.ultimissimeauto.com/dati-mercato-auto-di-settembre/"	73196	"text/html"
"Fiat 500 a quota mezzo milione |..."	"http://www.ultimissimeauto.com/fiat-500-a-quota-mezzo-milione/"	73713	"text/html"
"Fiat bene in Francia a Marzo |..."	"http://www.ultimissimeauto.com/fiat-bene-in-francia-a-marzo/"	73462	"text/html"
"Pininfarina vende a De Tommaso..."	"http://www.ultimissimeauto.com/pininfarina-vende-a-rossignolo/"	73660	"text/html"
"Doblò Fiat investe 450 milioni |..."	"http://www.ultimissimeauto.com/doblo-fiat-investe-450-milioni/"	74524	"text/html"
"Il crollo delle auto di lusso |..."	"http://www.ultimissimeauto.com/il-crollo-delle-auto-di-lusso/"	77294	"text/html"
"Nuova Mercedes-Benz Classe CL |..."	"http://www.ultimissimeauto.com/nuova-mercedes-benz-classe-cl/"	74083	"text/html"
"Codice della Strada e giovani |..."	"http://www.ultimissimeauto.com/codice-della-strada-e-giovani/"	77074	"text/html"
"Porsche 918 spider a Ginevra |..."	"http://www.ultimissimeauto.com/porsche-918-spider-a-ginevra/"	75946	"text/html"
"La Volkswagen e la Formula 1 |..."	"http://www.ultimissimeauto.com/la-volkswagen-e-la-formula-1/"	73484	"text/html"
"Volkswagen Passat CC Exclusive |..."	"http://www.ultimissimeauto.com/volkswagen-passat-cc-exclusive/"	76672	"text/html"
"La Toyota FT 86 non cambierà |..."	"http://www.ultimissimeauto.com/la-toyota-ft-86-non-cambiera/"	70748	"text/html"
"Toyota a rischio vendite 2010 |..."	"http://www.ultimissimeauto.com/toyota-a-rischio-vendite-2010/"	75045	"text/html"
"Mercedes ML spiata nel freddo |..."	"http://www.ultimissimeauto.com/mercedes-ml-spiata-nel-freddo/"	74884	"text/html"
"Problema sterzo Lexus il video |..."	"http://www.ultimissimeauto.com/problema-sterzo-lexus-il-video/"	71168	"text/html"
"Fiat Chrysler bene per indotto |..."	"http://www.ultimissimeauto.com/fiat-chrysler-bene-per-indotto/"	74728	"text/html"
"Tito Boeri la Fiat e la FIom |..."	"http://www.ultimissimeauto.com/tito-boeri-la-fiat-e-la-fiom/"	76462	"text/html"
"Luca Manca dimesso dall'Ospedale |..."	"http://www.ultimissimeauto.com/luca-manca-dimesso-dallospedale/"	71345	"text/html"
"Fiat male in Aprile in Germania |..."	"http://www.ultimissimeauto.com/fiat-male-in-aprile-in-germania/"	72535	"text/html"
"Bmw spegne il progetto idrogeno |..."	"http://www.ultimissimeauto.com/bmw-spegne-il-progetto-idrogeno/"	75664	"text/html"
"Jeep cinese | Ultimissime Auto"	"http://www.ultimissimeauto.com/accordo-chrysler-guangzhou-auto/"	72230	"text/html"
"WTTC Brno vincono Huff e Priaulx |..."	"http://www.ultimissimeauto.com/wttc-brno-vincono-huff-e-priaulx/"	72529	"text/html"
"Intervista a Romiti Su Marchionne |..."	"http://www.ultimissimeauto.com/intervista-a-romiti-su-marchionne/"	80265	"text/html"
"Renault Twingo tre nuovi modelli |..."	"http://www.ultimissimeauto.com/renault-twingo-tre-nuovi-modelli/"	71919	"text/html"
"Peugeot Concept EX1 primo teaser |..."	"http://www.ultimissimeauto.com/peugeot-concept-ex1-primo-teaser/"	71581	"text/html"
"Alettone della Mclaren è regolare |..."	"http://www.ultimissimeauto.com/alettone-della-mclaren-e-regolare/"	72753	"text/html"
"Edoardo Molinari testimonial Kia |..."	"http://www.ultimissimeauto.com/edoardo-molinari-testimonial-kia/"	73805	"text/html"
"Hamilton Nicole e la guida pazza |..."	"http://www.ultimissimeauto.com/hamilton-nicole-e-la-guida-pazza/"	72636	"text/html"
"Citroen DS4 High Rider a Ginevra |..."	"http://www.ultimissimeauto.com/citroen-ds4-high-rider-a-ginevra/"	73932	"text/html"
"Incidente tra Maybach e Bentley |..."	"http://www.ultimissimeauto.com/incidente-tra-maybach-e-bentley/"	70899	"text/html"
"Saab 9-3 avrà i motori Bmw Mini |..."	"http://www.ultimissimeauto.com/saab-9-3-avra-i-motori-bmw-mini/"	71725	"text/html"
"Briatore Alonso è il numero uno |..."	"http://www.ultimissimeauto.com/briatore-alonso-e-il-numero-uno/"	73588	"text/html"
"Toyota richiamo anche in Europa |..."	"http://www.ultimissimeauto.com/toyota-richiamo-anche-in-europa/"	72617	"text/html"
"Bmw M3 America edizione limitata |..."	"http://www.ultimissimeauto.com/bmw-m3-america-edizione-limitata/"	74442	"text/html"
"Ferrari 458 Italia challenge spy |..."	"http://www.ultimissimeauto.com/ferrari-458-italia-challenge-spy/"	74011	"text/html"
"Marchionne : Saab futuro difficile |..."	"http://www.ultimissimeauto.com/marchionne-saab-futuro-difficile/"	71785	"text/html"
"Robert Kidder presidente Chrysler |..."	"http://www.ultimissimeauto.com/robert-kidder-presidente-chrysler/"	71047	"text/html"
"Fiat aumenta i volumi di vendita |..."	"http://www.ultimissimeauto.com/fiat-aumenta-i-volumi-di-vendita/"	73777	"text/html"
"Porsche Panamera cabrio brevetti |..."	"http://www.ultimissimeauto.com/porsche-panamera-cabrio-brevetti/"	76690	"text/html"
"Auto usate i difetti e i problemi |..."	"http://www.ultimissimeauto.com/auto-usate-i-difetti-e-i-problemi/"	75246	"text/html"
"Arriva la nuova Volkswagen Touran |..."	"http://www.ultimissimeauto.com/arriva-la-nuova-volkswagen-touran/"	75130	"text/html"
"Peugeot 3008 è Auto Europa 2010 |..."	"http://www.ultimissimeauto.com/peugeot-3008-e-auto-europa-2010/"	75773	"text/html"
"Bentley richiamo per la B alata nella..."	"http://www.ultimissimeauto.com/bentley-richiamo-per-la-b-alata/"	70718	"text/html"
"Bertone con la Pandion a Pechino |..."	"http://www.ultimissimeauto.com/bertone-con-la-pandion-a-pechino/"	72468	"text/html"
"Fiat 500 Twinair test drive |..."	"http://www.ultimissimeauto.com/fiat-500-twinair-prova-su-strada/"	73421	"text/html"
"Bmw 328 Kamm Coupè a Villa D'Este |..."	"http://www.ultimissimeauto.com/bmw-328-kamm-coupe-a-villa-deste/"	75331	"text/html"
"Cruze EV elettrica di Chevrolet |..."	"http://www.ultimissimeauto.com/cruze-ev-elettrica-di-chevrolet/"	73663	"text/html"
"Volvo ai cinesi Geely ufficiale |..."	"http://www.ultimissimeauto.com/volvo-ai-cinesi-geely-ufficiale/"	74014	"text/html"
"Volkswagen Maggiolino foto spia |..."	"http://www.ultimissimeauto.com/volkswagen-new-beetle-foto-spia/"	72786	"text/html"
"Bmw rotta verso l'auto elettrica |..."	"http://www.ultimissimeauto.com/bmw-rotta-verso-lauto-elettrica/"	71190	"text/html"
"Ferrari World Park di Abu Dhabi |..."	"http://www.ultimissimeauto.com/ferrari-world-park-di-abu-dhabi/"	75785	"text/html"
"Victoria Beckham e la Land Rover |..."	"http://www.ultimissimeauto.com/victoria-beckham-e-la-land-rover/"	72392	"text/html"
"Raikkonen incidente Messico Video |..."	"http://www.ultimissimeauto.com/raikkonen-incidente-messico-video/"	71556	"text/html"
"Renault Laguna Coupé Wave Edition |..."	"http://www.ultimissimeauto.com/renault-laguna-coupe-wave-edition/"	72823	"text/html"
"Audi Q5 ibrida arriva a fine 2010 |..."	"http://www.ultimissimeauto.com/audi-q5-ibrida-arriva-a-fine-2010/"	71794	"text/html"
"A settembre cresce mercato usato |..."	"http://www.ultimissimeauto.com/a-settembre-cresce-mercato-usato/"	73526	"text/html"
"La Mercedes classe ML nella neve |..."	"http://www.ultimissimeauto.com/la-mercedes-classe-ml-nella-neve/"	76017	"text/html"
"Jaguar e Land Rover forti perdite |..."	"http://www.ultimissimeauto.com/jaguar-e-land-rover-forti-perdite/"	70997	"text/html"
"Bmw M3 GTS video dal Nurburgring |..."	"http://www.ultimissimeauto.com/bmw-m3-gts-video-dal-nurburgring/"	71997	"text/html"
"La Mercedes SLS nuova safety car |..."	"http://www.ultimissimeauto.com/la-mercedes-sls-nuova-safety-car/"	74698	"text/html"
"Auto e Moto d'Epoca 2010 a Padova |..."	"http://www.ultimissimeauto.com/auto-e-moto-depoca-2010-a-padova/"	73628	"text/html"
"Renault Mégane Coupé Wave Edition |..."	"http://www.ultimissimeauto.com/renault-megane-coupe-wave-edition/"	72535	"text/html"
"Assicurazioni On Line Auto e Moto:..."	"http://clk.tradedoubler.com/click?p=193194&a=1723979&g=18836032"	20873	"text/html"
"Mclaren nuovo stabilimento a Woking |..."	"http://www.ultimissimeauto.com/mclaren-nuovo-stabilimento-a-woking/"	70499	"text/html"
"Bonanni alla Fiat soldi contro posti |..."	"http://www.ultimissimeauto.com/bonanni-alla-fiat-soldi-contro-posti/"	71044	"text/html"
"Mullins vuole proprio entrare in F1 |..."	"http://www.ultimissimeauto.com/mullins-vuole-proprio-entrare-in-f1/"	71164	"text/html"
"Symbol Design GTX-R di Lavazza video |..."	"http://www.ultimissimeauto.com/symbol-design-gtx-r-di-lavazza-video/"	79244	"text/html"
"Renault grande terzo trimestre 2010 |..."	"http://www.ultimissimeauto.com/renault-grande-terzo-trimestre-2010/"	71903	"text/html"
"Domenicali a Silverstone per vincere |..."	"http://www.ultimissimeauto.com/domenicali-a-silverstone-per-vincere/"	73696	"text/html"
"Rally di Finlandia wrc vince Latvala |..."	"http://www.ultimissimeauto.com/rally-di-finlandia-wrc-vince-latvala/"	72488	"text/html"
"Hyundai ix35 in stile Top Gear video |..."	"http://www.ultimissimeauto.com/hyundai-ix35in-stile-top-gear-video/"	72351	"text/html"
"Bmw X3 nuovo stabilimento americano |..."	"http://www.ultimissimeauto.com/bmw-x3-nuovo-stabilimento-americano/"	71913	"text/html"
"Marchionne no stipendio da Chrysler |..."	"http://www.ultimissimeauto.com/marchionne-senza-stipendio-chrysler/"	72608	"text/html"
"La Ferrari di Alonso in Pole a Monza |..."	"http://www.ultimissimeauto.com/la-ferrari-di-alonso-in-pole-a-monza/"	76707	"text/html"
"Manca trasferito a Santiago del Cile |..."	"http://www.ultimissimeauto.com/manca-trasferito-a-santiago-del-cile/"	71271	"text/html"
"Renault Fluence e Kangoo prenotabili |..."	"http://www.ultimissimeauto.com/renault-fluence-e-kangoo-prenotabili/"	72660	"text/html"
"Hakkinen vuole tornare in Formula 1 |..."	"http://www.ultimissimeauto.com/hakkinen-vuole-tornare-in-formula-1/"	71457	"text/html"
"Fiat Twin air al Salone di Ginevra |..."	"http://www.ultimissimeauto.com/fiat-twin-air-al-salone-di-ginevra/"	76096	"text/html"
"Yahoo e Ram insieme col Ram Country |..."	"http://www.ultimissimeauto.com/yahho-e-ram-insieme-col-ram-country/"	71152	"text/html"
"Formula 1 Hd e 3d arrivano nel 2012 |..."	"http://www.ultimissimeauto.com/formula-1-hd-e-3d-arrivano-nel-2012/"	72038	"text/html"
"Fiat 500 adotta il set up della Ka |..."	"http://www.ultimissimeauto.com/fiat-500-adotta-il-set-up-della-ka/"	71784	"text/html"
"Senza seggiolino strage di bambini |..."	"http://www.ultimissimeauto.com/senza-seggiolino-strage-di-bambini/"	73061	"text/html"
"Raikkonen mi ha cacciato Santander |..."	"http://www.ultimissimeauto.com/raikkonen-mi-ha-cacciato-santander/"	71288	"text/html"
"Fiat bene vendite brasile in agosto |..."	"http://www.ultimissimeauto.com/fiat-bene-vendite-brasile-in-agosto/"	71990	"text/html"
"Mclaren MP4-12c video dei prototipi |..."	"http://www.ultimissimeauto.com/mclaren-mp4-12c-video-dei-prototipi/"	70989	"text/html"
"Mercedes cresce ben del 22% in agosto |..."	"http://www.ultimissimeauto.com/mercedes-cresce-ben-del-22-in-agosto/"	71333	"text/html"
"Mercato italiano + 31 % Fiat +28 % |..."	"http://www.ultimissimeauto.com/mercato-italiano-tedesche-in-crisi/"	75377	"text/html"
"Niki Lauda ancora contro la Ferrari |..."	"http://www.ultimissimeauto.com/niki-lauda-ancora-contro-la-ferrari/"	72767	"text/html"
"Italia Indipendent la prima Brera |..."	"http://www.ultimissimeauto.com/alfa-romeo-brera-italia-independent/"	78204	"text/html"
"Vitaly Petrov pilota con la valigia |..."	"http://www.ultimissimeauto.com/vitaly-petrov-pilota-con-la-valigia/"	71914	"text/html"
"Il villaggio indiano contro la Tata |..."	"http://www.ultimissimeauto.com/il-villaggio-indiano-contro-la-tata/"	74210	"text/html"
"L' auto elettrica è una presa in giro ?..."	"http://www.ultimissimeauto.com/l-auto-elettrica-e-una-presa-in-giro/"	72712	"text/html"
